-- phpMyAdmin SQL Dump
-- version 5.2.1
-- https://www.phpmyadmin.net/
--
-- Host: 127.0.0.1
-- Waktu pembuatan: 21 Nov 2023 pada 04.27
-- Versi server: 10.4.28-MariaDB
-- Versi PHP: 8.0.28

SET SQL_MODE = "NO_AUTO_VALUE_ON_ZERO";
START TRANSACTION;
SET time_zone = "+00:00";


/*!40101 SET @OLD_CHARACTER_SET_CLIENT=@@CHARACTER_SET_CLIENT */;
/*!40101 SET @OLD_CHARACTER_SET_RESULTS=@@CHARACTER_SET_RESULTS */;
/*!40101 SET @OLD_COLLATION_CONNECTION=@@COLLATION_CONNECTION */;
/*!40101 SET NAMES utf8mb4 */;

--
-- Database: `spk_bantuan`
--

-- --------------------------------------------------------

--
-- Struktur dari tabel `data_mbr`
--

CREATE TABLE `data_mbr` (
  `nik` varchar(50) NOT NULL,
  `tanggal` timestamp NOT NULL DEFAULT current_timestamp(),
  `nama_mbr` varchar(120) NOT NULL,
  `met_kontra` varchar(50) NOT NULL,
  `kecamatan` varchar(100) NOT NULL,
  `kelurahan` varchar(100) NOT NULL,
  `keterangan` varchar(50) NOT NULL
) ENGINE=InnoDB DEFAULT CHARSET=utf8mb4 COLLATE=utf8mb4_general_ci;

--
-- Dumping data untuk tabel `data_mbr`
--

INSERT INTO `data_mbr` (`nik`, `tanggal`, `nama_mbr`, `met_kontra`, `kecamatan`, `kelurahan`, `keterangan`) VALUES
('3311056808730002', '2023-11-01 10:57:40', 'Sukinem', 'Implan KB', 'Wonokromo', 'Ngagel Rejo', 'Pilih'),
('3506155908730001', '2023-11-01 10:57:40', 'Utami', 'MOW', 'Wonokromo', 'Sawunggaling', 'Pilih'),
('3506245507800002', '2023-11-01 10:57:40', 'Wiwik Purwanti', 'MOW', 'Wonokromo', 'Ngagel Rejo', 'Pilih'),
('3515074505850011', '2023-11-01 10:57:40', 'Nur Aisyah', 'IUD', 'Wonokromo', 'Jagir', 'Pilih'),
('3515134911810008', '2023-11-01 10:57:40', 'Rina Anggraeni Putri, SE', 'IUD', 'Wonokromo', 'Jagir', 'Pilih'),
('3515145706760002', '2023-11-01 10:57:40', 'Lilik Istikmalah', 'Implan KB', 'Wonokromo', 'Wonokromo', 'Pilih'),
('3517017004810003', '2023-11-01 10:57:40', 'Andri Herawati', 'IUD', 'Wonokromo', 'Ngagel Rejo', 'Pilih'),
('3517094103730006', '2023-11-01 10:57:40', 'Endah Mu\'jizatin', 'Implan KB', 'Wonokromo', 'Jagir', 'Pilih'),
('3517096006870005', '2023-11-01 10:57:40', 'Andriana', 'IUD', 'Wonokromo', 'Sawunggaling', 'Pilih'),
('3517126404810003', '2023-11-01 10:57:40', 'Alfin Choiriyah', 'Implan KB', 'Wonokromo', 'Jagir', 'Pilih'),
('3524215512770003', '2023-11-01 10:57:40', 'Lasti', 'MOW', 'Wonokromo', 'Jagir', 'Pilih'),
('3525135104830003', '2023-11-01 10:57:40', 'Eni Puspita Sari', 'MOW', 'Wonokromo', 'Ngagel', 'Pilih'),
('3526036308830001', '2023-11-01 10:57:40', 'Mutmainnah', 'IUD', 'Wonokromo', 'Wonokromo', 'Pilih'),
('3526135610770001', '2023-11-01 10:57:40', 'Kustina', 'MOW', 'Wonokromo', 'Ngagel', 'Pilih'),
('3526136305720002', '2023-11-01 10:57:40', 'Maimuna', 'Implan KB', 'Wonokromo', 'Ngagel Rejo', 'Pilih'),
('3526144107730264', '2023-11-01 10:57:40', 'Hotimah', 'Implan KB', 'Wonokromo', 'Ngagel Rejo', 'Pilih'),
('3527034712790004', '2023-11-01 10:57:40', 'Rotipah', 'IUD', 'Wonokromo', 'Wonokromo', 'Pilih'),
('3527047003770001', '2023-11-01 10:57:40', 'Mahmudah', 'Implan KB', 'Wonokromo', 'Wonokromo', 'Pilih'),
('3577014409840002', '2023-11-01 10:57:40', 'Suhartatik', 'IUD', 'Wonokromo', 'Ngagel', 'Pilih'),
('3578025011790002', '2023-11-01 10:57:40', 'Ifa Hadiyah', 'Implan KB', 'Wonokromo', 'Wonokromo', 'Pilih'),
('3578034801740004', '2023-11-01 10:57:40', 'Auliasari Joinita Ardhi, SP', 'Implan KB', 'Wonokromo', 'Jagir', 'Pilih'),
('3578036011870002', '2023-11-01 10:57:40', 'Siti Muyassaroh', 'IUD', 'Wonokromo', 'Ngagel Rejo', 'Pilih'),
('3578044101760007', '2023-11-01 10:57:40', 'Carolina Dessy Ayu Aryanie', 'Implan KB', 'Wonokromo', 'Ngagel', 'Pilih'),
('3578044101820011', '2023-11-01 10:57:40', 'Nuriyah Hasanah', 'IUD', 'Wonokromo', 'Ngagel', 'Pilih'),
('3578044102820005', '2023-11-01 10:57:40', 'Eka Suryanti Suripno', 'IUD', 'Wonokromo', 'Sawunggaling', 'Pilih'),
('3578044210750003', '2022-10-05 09:44:14', 'Hamiyah', 'MOW', 'Wonokromo', 'Darmo', 'Tidak Dipilih'),
('3578044211770001', '2023-11-01 10:57:40', 'Moekti Soeyati', 'Implan KB', 'Wonokromo', 'Darmo', 'Pilih'),
('3578044211820004', '2022-10-05 09:44:15', 'Darmaningsih', 'IUD', 'Wonokromo', 'Sawunggaling', 'Tidak Dipilih'),
('3578044303720002', '2023-11-01 10:57:40', 'Indah Wulan Sari', 'Implan KB', 'Wonokromo', 'Ngagel Rejo', 'Pilih'),
('3578044303810006', '2023-11-01 10:57:40', 'Sunarsih', 'IUD', 'Wonokromo', 'Darmo', 'Pilih'),
('3578044306720005', '2023-11-01 10:57:40', 'Sayuma', 'Implan KB', 'Wonokromo', 'Wonokromo', 'Pilih'),
('3578044308740006', '2023-11-01 10:57:40', 'Inawati', 'Implan KB', 'Wonokromo', 'Ngagel', 'Pilih'),
('3578044401750003', '2023-11-01 10:57:40', 'S.W. Kunwahyuni', 'Implan KB', 'Wonokromo', 'Ngagel', 'Pilih'),
('3578044404740004', '2023-11-01 10:57:40', 'Hotimah', 'MOW', 'Wonokromo', 'Jagir', 'Pilih'),
('3578044405820002', '2023-11-01 10:57:40', 'Devi Milasari', 'IUD', 'Wonokromo', 'Wonokromo', 'Pilih'),
('3578044406730005', '2023-11-01 10:57:40', 'Supinati', 'MOW', 'Wonokromo', 'Sawunggaling', 'Pilih'),
('3578044406790011', '2023-11-01 10:57:40', 'Siti Mufarrohah', 'Implan KB', 'Wonokromo', 'Sawunggaling', 'Pilih'),
('3578044409740004', '2023-11-01 10:57:40', 'Alfani\'matul Jannah', 'Implan KB', 'Wonokromo', 'Ngagel Rejo', 'Pilih'),
('3578044410730003', '2023-11-01 10:57:40', 'Tutik Nur Hidayati', 'MOW', 'Wonokromo', 'Jagir', 'Pilih'),
('3578044411760001', '2023-11-01 10:57:40', 'Novita Sari', 'Implan KB', 'Wonokromo', 'Ngagel Rejo', 'Pilih'),
('3578044412800002', '2023-11-01 10:57:40', 'Ratu Kamaliyah', 'Implan KB', 'Wonokromo', 'Jagir', 'Pilih'),
('3578044503760003', '2023-11-01 10:57:40', 'Dinie Martina', 'MOW', 'Wonokromo', 'Ngagel Rejo', 'Pilih'),
('3578044505930004', '2023-11-01 10:57:40', 'Dinasti Nias Sulistiawan', 'IUD', 'Wonokromo', 'Ngagel Rejo', 'Pilih'),
('3578044602780003', '2023-11-01 10:57:40', 'Suryati', 'Implan KB', 'Wonokromo', 'Jagir', 'Pilih'),
('3578044604770012', '2023-11-01 10:57:40', 'Supriati', 'MOW', 'Wonokromo', 'Ngagel Rejo', 'Pilih'),
('3578044604790005', '2023-11-01 10:57:40', 'Purwati', 'IUD', 'Wonokromo', 'Ngagel', 'Pilih'),
('3578044605830001', '2023-11-01 10:57:40', 'Yuli Prapti Dina', 'IUD', 'Wonokromo', 'Ngagel', 'Pilih'),
('3578044606830012', '2023-11-01 10:57:40', 'Sudarwati', 'IUD', 'Wonokromo', 'Ngagel Rejo', 'Pilih'),
('3578044608860003', '2023-11-01 10:57:40', 'Misnati', 'IUD', 'Wonokromo', 'Darmo', 'Pilih'),
('3578044703730012', '2023-11-01 10:57:40', 'Umari', 'Implan KB', 'Wonokromo', 'Ngagel', 'Pilih'),
('3578044703750004', '2023-11-01 10:57:40', 'Halimah', 'MOW', 'Wonokromo', 'Jagir', 'Pilih'),
('3578044705850001', '2023-11-01 10:57:40', 'Muzaiyanah', 'IUD', 'Wonokromo', 'Jagir', 'Pilih'),
('3578044707770010', '2023-11-01 10:57:40', 'Elly Yuliastuti, S.Pd', 'Implan KB', 'Wonokromo', 'Ngagel Rejo', 'Pilih'),
('3578044808750009', '2023-11-01 10:57:40', 'Henik', 'Implan KB', 'Wonokromo', 'Wonokromo', 'Pilih'),
('3578044809780011', '2023-11-01 10:57:40', 'Sumi', 'Implan KB', 'Wonokromo', 'Ngagel', 'Pilih'),
('3578044812810006', '2023-11-01 10:57:40', 'Kusnul Chotimah', 'IUD', 'Wonokromo', 'Sawunggaling', 'Pilih'),
('3578044812850005', '2023-11-01 10:57:40', 'Erna Wijayanti', 'IUD', 'Wonokromo', 'Jagir', 'Pilih'),
('3578044902820006', '2023-11-01 10:57:40', 'Siti Hotimah', 'IUD', 'Wonokromo', 'Darmo', 'Pilih'),
('3578044903760006', '2022-10-05 09:44:17', 'Antin Zubaidah', 'Implan KB', 'Wonokromo', 'Sawunggaling', 'Tidak Dipilih'),
('3578044905780011', '2023-11-01 10:57:40', 'Tutik Krisna Palupi', 'IUD', 'Wonokromo', 'Wonokromo', 'Pilih'),
('3578044908800007', '2023-11-01 10:57:40', 'Santumah', 'IUD', 'Wonokromo', 'Sawunggaling', 'Pilih'),
('3578044909810003', '2023-11-01 10:57:40', 'Wiji Mujiati', 'IUD', 'Wonokromo', 'Sawunggaling', 'Pilih'),
('3578045001860001', '2023-11-01 10:57:40', 'Rochmaningsih', 'IUD', 'Wonokromo', 'Wonokromo', 'Pilih'),
('3578045002770002', '2023-11-01 10:57:40', 'Yuyun Sunarti, RA', 'MOW', 'Wonokromo', 'Jagir', 'Pilih'),
('3578045003810012', '2023-11-01 10:57:40', 'Sriwahyuningsih', 'IUD', 'Wonokromo', 'Ngagel', 'Pilih'),
('3578045003820012', '2023-11-01 10:57:40', 'Jamik', 'IUD', 'Wonokromo', 'Sawunggaling', 'Pilih'),
('3578045004720012', '2023-11-01 10:57:40', 'Luqiyatul Qosidah', 'MOW', 'Wonokromo', 'Wonokromo', 'Pilih'),
('3578045005780002', '2023-11-01 10:57:40', 'Lilik Fauzia', 'IUD', 'Wonokromo', 'Ngagel', 'Pilih'),
('3578045006770005', '2023-11-01 10:57:40', 'Yunita', 'Implan KB', 'Wonokromo', 'Ngagel', 'Pilih'),
('3578045008790011', '2023-11-01 10:57:40', 'Suparmi', 'Implan KB', 'Wonokromo', 'Sawunggaling', 'Pilih'),
('3578045009790001', '2023-11-01 10:57:40', 'Endang Kusnul Chotimah', 'Implan KB', 'Wonokromo', 'Ngagel Rejo', 'Pilih'),
('3578045010750005', '2023-11-01 10:57:40', 'Subiadah', 'MOW', 'Wonokromo', 'Darmo', 'Pilih'),
('3578045012720001', '2023-11-01 10:57:40', 'Suyati', 'IUD', 'Wonokromo', 'Ngagel', 'Pilih'),
('3578045101800006', '2023-11-01 10:57:40', 'Ika Dian Paramita', 'Implan KB', 'Wonokromo', 'Ngagel Rejo', 'Pilih'),
('3578045106830005', '2023-11-01 10:57:40', 'Nayu Susilowati', 'IUD', 'Wonokromo', 'Ngagel', 'Pilih'),
('3578045112720004', '2023-11-01 10:57:40', 'Ommy Choriyati', 'Implan KB', 'Wonokromo', 'Wonokromo', 'Pilih'),
('3578045112830006', '2023-11-01 10:57:40', 'Atik Andayani', 'IUD', 'Wonokromo', 'Darmo', 'Pilih'),
('3578045206740002', '2023-11-01 10:57:40', 'Tri wahyuningsih', 'Implan KB', 'Wonokromo', 'Wonokromo', 'Pilih'),
('3578045206770002', '2023-11-01 10:57:40', 'Sofiyah', 'Implan KB', 'Wonokromo', 'Ngagel', 'Pilih'),
('3578045207830002', '2023-11-01 10:57:40', 'Nurul Chotimah', 'IUD', 'Wonokromo', 'Ngagel Rejo', 'Pilih'),
('3578045209770002', '2023-11-01 10:57:40', 'Etik Kurniawati', 'IUD', 'Wonokromo', 'Wonokromo', 'Pilih'),
('3578045211830004', '2023-11-01 10:57:40', 'Tutik Rosidah', 'IUD', 'Wonokromo', 'Wonokromo', 'Pilih'),
('3578045212830012', '2023-11-01 10:57:40', 'Farida Khikmiyah, SHI', 'IUD', 'Wonokromo', 'Jagir', 'Pilih'),
('3578045302720004', '2023-11-01 10:57:40', 'Nur Makrufah', 'Implan KB', 'Wonokromo', 'Wonokromo', 'Pilih'),
('3578045302880001', '2023-11-01 10:57:40', 'Emy Yulianingsih', 'IUD', 'Wonokromo', 'Darmo', 'Pilih'),
('3578045306840012', '2023-11-01 10:57:40', 'Wahyu Sulistyowati', 'IUD', 'Wonokromo', 'Darmo', 'Pilih'),
('3578045306850001', '2023-11-01 10:57:40', 'Chusnul Chotimah', 'IUD', 'Wonokromo', 'Sawunggaling', 'Pilih'),
('3578045311770004', '2023-11-01 10:57:40', 'Istanti Rahayu', 'Implan KB', 'Wonokromo', 'Ngagel Rejo', 'Pilih'),
('3578045312780004', '2023-11-01 10:57:40', 'Sulis Tianingsih', 'Implan KB', 'Wonokromo', 'Darmo', 'Pilih'),
('3578045402750001', '2023-11-01 10:57:40', 'Atik Choiriah', 'MOW', 'Wonokromo', 'Wonokromo', 'Pilih'),
('3578045405810005', '2023-11-01 10:57:40', 'Anis Sulistiyowati', 'IUD', 'Wonokromo', 'Wonokromo', 'Pilih'),
('3578045405850002', '2022-10-05 09:44:19', 'Aris Muslikah', 'IUD', 'Wonokromo', 'Wonokromo', 'Tidak Dipilih'),
('3578045406790006', '2023-11-01 10:57:40', 'Woro Handayani,ST', 'IUD', 'Wonokromo', 'Ngagel Rejo', 'Pilih'),
('3578045408800003', '2023-11-01 10:57:40', 'Misnati', 'IUD', 'Wonokromo', 'Ngagel', 'Pilih'),
('3578045411800001', '2023-11-01 10:57:40', 'Chalimah', 'IUD', 'Wonokromo', 'Jagir', 'Pilih'),
('3578045411830003', '2023-11-01 10:57:40', 'Anita Triwahyuni', 'IUD', 'Wonokromo', 'Ngagel Rejo', 'Pilih'),
('3578045412720001', '2023-11-01 10:57:40', 'Gandes Jami\'atin', 'Implan KB', 'Wonokromo', 'Jagir', 'Pilih'),
('3578045412720004', '2023-11-01 10:57:40', 'Azizah', 'Implan KB', 'Wonokromo', 'Wonokromo', 'Pilih'),
('3578045502760004', '2023-11-01 10:57:40', 'Muawanah', 'MOW', 'Wonokromo', 'Sawunggaling', 'Pilih'),
('3578045503780006', '2022-10-05 09:44:19', 'Aspiah', 'Implan KB', 'Wonokromo', 'Ngagel Rejo', 'Tidak Dipilih'),
('3578045505740011', '2023-11-01 10:57:40', 'Rohannah', 'MOW', 'Wonokromo', 'Darmo', 'Pilih'),
('3578045506800002', '2022-10-05 09:44:19', 'Chusniatul Mufarochah', 'IUD', 'Wonokromo', 'Jagir', 'Tidak Dipilih'),
('3578045506850002', '2023-11-01 10:57:40', 'Maryati Wahyuni', 'IUD', 'Wonokromo', 'Ngagel Rejo', 'Pilih'),
('3578045507750003', '2023-11-01 10:57:40', 'Mukti Dyah Kurniati', 'MOW', 'Wonokromo', 'Sawunggaling', 'Pilih'),
('3578045508810001', '2023-11-01 10:57:40', 'Puji Lestari Susilowati', 'Implan KB', 'Wonokromo', 'Wonokromo', 'Pilih'),
('3578045511740002', '2023-11-01 10:57:40', 'Amas', 'Implan KB', 'Wonokromo', 'Wonokromo', 'Pilih'),
('3578045512840004', '2023-11-01 10:57:40', 'Reny Anggraeni', 'IUD', 'Wonokromo', 'Wonokromo', 'Pilih'),
('3578045601760001', '2023-11-01 10:57:40', 'Isnatin', 'Implan KB', 'Wonokromo', 'Ngagel', 'Pilih'),
('3578045605750011', '2023-11-01 10:57:40', 'Asmiah', 'MOW', 'Wonokromo', 'Sawunggaling', 'Pilih'),
('3578045605790011', '2023-11-01 10:57:40', 'Musrifah', 'Implan KB', 'Wonokromo', 'Sawunggaling', 'Pilih'),
('3578045605810002', '2023-11-01 10:57:40', 'Lilis Migiawati', 'MOW', 'Wonokromo', 'Ngagel Rejo', 'Pilih'),
('3578045607800005', '2023-11-01 10:57:40', 'Aglia Merinda', 'Implan KB', 'Wonokromo', 'Sawunggaling', 'Pilih'),
('3578045607810009', '2023-11-01 10:57:40', 'Yuliana', 'Implan KB', 'Wonokromo', 'Darmo', 'Pilih'),
('3578045702820012', '2023-11-01 10:57:40', 'Mila Prihastuti', 'IUD', 'Wonokromo', 'Sawunggaling', 'Pilih'),
('3578045704910003', '2023-11-01 10:57:40', 'Fitri Ika Ramawati', 'MOW', 'Wonokromo', 'Ngagel Rejo', 'Pilih'),
('3578045707800002', '2023-11-01 10:57:40', 'Mariya Ulfaah, SH', 'Implan KB', 'Wonokromo', 'Jagir', 'Pilih'),
('3578045708840003', '2023-11-01 10:57:40', 'Agustina', 'IUD', 'Wonokromo', 'Sawunggaling', 'Pilih'),
('3578045710840004', '2023-11-01 10:57:40', 'Suwati', 'IUD', 'Wonokromo', 'Wonokromo', 'Pilih'),
('3578045801730006', '2023-11-01 10:57:40', 'Ita Yulifah', 'MOW', 'Wonokromo', 'Wonokromo', 'Pilih'),
('3578045803730006', '2022-10-05 09:44:21', 'Arianik', 'Implan KB', 'Wonokromo', 'Ngagel Rejo', 'Tidak Dipilih'),
('3578045804740009', '2023-11-01 10:57:40', 'Asiyah', 'MOW', 'Wonokromo', 'Jagir', 'Pilih'),
('3578045805780012', '2023-11-01 10:57:40', 'Widiya Dewi', 'Implan KB', 'Wonokromo', 'Darmo', 'Pilih'),
('3578045807870001', '2023-11-01 10:57:40', 'Yuanita Ardina Rizky', 'IUD', 'Wonokromo', 'Darmo', 'Pilih'),
('3578045810780012', '2023-11-01 10:57:40', 'Feronika', 'Implan KB', 'Wonokromo', 'Darmo', 'Pilih'),
('3578045811720007', '2023-11-01 10:57:40', 'Siti Mufarrochah', 'Implan KB', 'Wonokromo', 'Jagir', 'Pilih'),
('3578045811860006', '2023-11-01 10:57:40', 'Nizar Rohaniyah', 'IUD', 'Wonokromo', 'Ngagel', 'Pilih'),
('3578045905770002', '2023-11-01 10:57:40', 'Cahyaningsih', 'MOW', 'Wonokromo', 'Jagir', 'Pilih'),
('3578045912730011', '2023-11-01 10:57:40', 'Sri Mami', 'MOW', 'Wonokromo', 'Jagir', 'Pilih'),
('3578046006820002', '2023-11-01 10:57:40', 'Dewi Larasati', 'IUD', 'Wonokromo', 'Ngagel', 'Pilih'),
('3578046007770005', '2023-11-01 10:57:40', 'Nor Faridah Achmad', 'Implan KB', 'Wonokromo', 'Ngagel', 'Pilih'),
('3578046105830001', '2023-11-01 10:57:40', 'Indah Novita Lalin', 'IUD', 'Wonokromo', 'Darmo', 'Pilih'),
('3578046110740002', '2022-10-05 09:44:43', 'Azizah Risdiyawati', 'Implan KB', 'Wonokromo', 'Sawunggaling', 'Tidak Dipilih'),
('3578046204740004', '2022-10-05 09:44:44', 'Aryandani', 'Implan KB', 'Wonokromo', 'Wonokromo', 'Tidak Dipilih'),
('3578046208780006', '2023-11-01 10:57:40', 'Siti Zainab', 'MOW', 'Wonokromo', 'Ngagel', 'Pilih'),
('3578046212820004', '2023-11-01 10:57:40', 'Murtiningsih', 'IUD', 'Wonokromo', 'Ngagel Rejo', 'Pilih'),
('3578046304770001', '2023-11-01 10:57:40', 'Nur Hamidah', 'Implan KB', 'Wonokromo', 'Sawunggaling', 'Pilih'),
('3578046306760005', '2023-11-01 10:57:40', 'Eti Wilaseh', 'Implan KB', 'Wonokromo', 'Jagir', 'Pilih'),
('3578046309840001', '2023-11-01 10:57:40', 'Rochiyah', 'IUD', 'Wonokromo', 'Wonokromo', 'Pilih'),
('3578046310730002', '2023-11-01 10:57:40', 'Har Rahmawati', 'MOW', 'Wonokromo', 'Jagir', 'Pilih'),
('3578046311790002', '2023-11-01 10:57:40', 'Nur Badriyah', 'MOW', 'Wonokromo', 'Darmo', 'Pilih'),
('3578046401730002', '2023-11-01 10:57:40', 'Endang Widyaningsih', 'Implan KB', 'Wonokromo', 'Ngagel', 'Pilih'),
('3578046401800001', '2022-10-05 09:44:22', 'Adeline Syafrida Hidyati', 'IUD', 'Wonokromo', 'Ngagel Rejo', 'Tidak Dipilih'),
('3578046402770003', '2023-11-01 10:57:40', 'Muryani', 'Implan KB', 'Wonokromo', 'Sawunggaling', 'Pilih'),
('3578046404800005', '2023-11-01 10:57:40', 'Asmara Afrianti', 'MOW', 'Wonokromo', 'Ngagel Rejo', 'Pilih'),
('3578046404840002', '2023-11-01 10:57:40', 'Epri Dwi Kartikasari', 'IUD', 'Wonokromo', 'Jagir', 'Pilih'),
('3578046405760007', '2022-10-05 09:44:22', 'Catur Puji Rahayu', 'Implan KB', 'Wonokromo', 'Ngagel', 'Tidak Dipilih'),
('3578046405760011', '2023-11-01 10:57:40', 'Sri Purwati', 'MOW', 'Wonokromo', 'Sawunggaling', 'Pilih'),
('3578046405850011', '2023-11-01 10:57:40', 'Siti Zunairoh', 'IUD', 'Wonokromo', 'Ngagel', 'Pilih'),
('3578046408760011', '2023-11-01 10:57:40', 'Siti Maimunah', 'MOW', 'Wonokromo', 'Sawunggaling', 'Pilih'),
('3578046409930003', '2023-11-01 10:57:40', 'Eka Rahmi Hidayati', 'IUD', 'Wonokromo', 'Sawunggaling', 'Pilih'),
('3578046502740004', '2023-11-01 10:57:40', 'Senami', 'MOW', 'Wonokromo', 'Darmo', 'Pilih'),
('3578046504800007', '2022-10-05 09:44:22', 'Maria Ulfa', 'Implan KB', 'Wonokromo', 'Darmo', 'Tidak Dipilih'),
('3578046505750002', '2023-11-01 10:57:40', 'Sulastri', 'Implan KB', 'Wonokromo', 'Ngagel Rejo', 'Pilih'),
('3578046509730003', '2023-11-01 10:57:40', 'Siti Holifah', 'MOW', 'Wonokromo', 'Ngagel', 'Pilih'),
('3578046510800003', '2023-11-01 10:57:40', 'Mamik Purnawatiningsih', 'IUD', 'Wonokromo', 'Darmo', 'Pilih'),
('3578046511740011', '2023-11-01 10:57:40', 'Susianik', 'MOW', 'Wonokromo', 'Jagir', 'Pilih'),
('3578046512800001', '2023-11-01 10:57:40', 'Deny Sulistyowati', 'Implan KB', 'Wonokromo', 'Sawunggaling', 'Pilih'),
('3578046605730001', '2023-11-01 10:57:40', 'Kurdi Yanti', 'MOW', 'Wonokromo', 'Darmo', 'Pilih'),
('3578046610780008', '2023-11-01 10:57:40', 'Mulyati', 'MOW', 'Wonokromo', 'Ngagel', 'Pilih'),
('3578046701730004', '2023-11-01 10:57:40', 'Siti Indahyani', 'MOW', 'Wonokromo', 'Ngagel Rejo', 'Pilih'),
('3578046702740004', '2023-11-01 10:57:40', 'Sri Indah Ningsih', 'Implan KB', 'Wonokromo', 'Wonokromo', 'Pilih'),
('3578046702820005', '2023-11-01 10:57:40', 'Suwarsi', 'IUD', 'Wonokromo', 'Darmo', 'Pilih'),
('3578046703820001', '2023-11-01 10:57:40', 'Vivi Ariastutik, A.Md', 'IUD', 'Wonokromo', 'Darmo', 'Pilih'),
('3578046803760006', '2023-11-01 10:57:40', 'Istiqomah Indah Masruro', 'MOW', 'Wonokromo', 'Ngagel', 'Pilih'),
('3578046804750003', '2023-11-01 10:57:40', 'Rini Rahmawati Choesni', 'Implan KB', 'Wonokromo', 'Ngagel Rejo', 'Pilih'),
('3578046806790002', '2023-11-01 10:57:40', 'Heni Mardiana', 'Implan KB', 'Wonokromo', 'Jagir', 'Pilih'),
('3578046808840003', '2023-11-01 10:57:40', 'Junainah Royachin Syadzizah', 'IUD', 'Wonokromo', 'Darmo', 'Pilih'),
('3578046809820007', '2023-11-01 10:57:40', 'Laila Adha Syahara', 'IUD', 'Wonokromo', 'Jagir', 'Pilih'),
('3578046811800001', '2023-11-01 10:57:40', 'Erwanti', 'IUD', 'Wonokromo', 'Sawunggaling', 'Pilih'),
('3578046812730005', '2022-10-05 09:44:24', 'Munhamiroh', 'MOW', 'Wonokromo', 'Jagir', 'Tidak Dipilih'),
('3578046908770001', '2023-11-01 10:57:40', 'Kusniatin', 'Implan KB', 'Wonokromo', 'Wonokromo', 'Pilih'),
('3578047006770002', '2023-11-01 10:57:40', 'Masrifah', 'Implan KB', 'Wonokromo', 'Darmo', 'Pilih'),
('3578047007730002', '2023-11-01 10:57:40', 'Nur\'aini', 'MOW', 'Wonokromo', 'Wonokromo', 'Pilih'),
('3578047010850003', '2023-11-01 10:57:40', 'Sauda', 'IUD', 'Wonokromo', 'Wonokromo', 'Pilih'),
('3578047101830005', '2022-10-05 09:44:25', 'Ariani Dwi Wulandari', 'IUD', 'Wonokromo', 'Ngagel', 'Tidak Dipilih'),
('3578047105750012', '2023-11-01 10:57:40', 'Ernivita Widyawati', 'Implan KB', 'Wonokromo', 'Darmo', 'Pilih'),
('3578047108830001', '2023-11-01 10:57:40', 'Herny Sulis Setiyowati', 'IUD', 'Wonokromo', 'Ngagel Rejo', 'Pilih'),
('3578047112740013', '2023-11-01 10:57:40', 'Nur Hayati', 'MOW', 'Wonokromo', 'Sawunggaling', 'Pilih'),
('3578047112760011', '2023-11-01 10:57:40', 'Isamuwati', 'MOW', 'Wonokromo', 'Jagir', 'Pilih'),
('3578056202740003', '2023-11-01 10:57:40', 'Nanik Soeparmi', 'MOW', 'Wonokromo', 'Ngagel', 'Pilih'),
('3578066008870004', '2023-11-01 10:57:40', 'Rizky Amelia Puspito Intan', 'IUD', 'Wonokromo', 'Darmo', 'Pilih'),
('3578066502830003', '2023-11-01 10:57:40', 'Iin Rachmawati', 'IUD', 'Wonokromo', 'Ngagel Rejo', 'Pilih'),
('3578066505820006', '2023-11-01 10:57:40', 'Anita Sudaryati', 'IUD', 'Wonokromo', 'Darmo', 'Pilih'),
('3578066703770002', '2023-11-01 10:57:40', 'Rr. Lucky Savitri', 'MOW', 'Wonokromo', 'Ngagel', 'Pilih'),
('3578084602890001', '2022-10-05 09:44:26', 'Andianis Febby Anne', 'IUD', 'Wonokromo', 'Wonokromo', 'Tidak Dipilih'),
('3578086403780001', '2023-11-01 10:57:40', 'Esti Setyaningrum', 'Implan KB', 'Wonokromo', 'Sawunggaling', 'Pilih'),
('3578105609740007', '2023-11-01 10:57:40', 'Vesi Suryani Santosawati', 'Implan KB', 'Wonokromo', 'Jagir', 'Pilih'),
('3578175006820010', '2023-11-01 10:57:40', 'Aldia Indra Hadista', 'IUD', 'Wonokromo', 'Sawunggaling', 'Pilih'),
('3578176502800010', '2023-11-01 10:57:40', 'Nurul Dwi Wahyuni', 'Implan KB', 'Wonokromo', 'Darmo', 'Pilih'),
('3578214102900002', '2023-11-01 10:57:40', 'Effi Herawati', 'IUD', 'Wonokromo', 'Darmo', 'Pilih'),
('3578227006860001', '2023-11-01 10:57:40', 'Henny Irianti', 'IUD', 'Wonokromo', 'Sawunggaling', 'Pilih'),
('3578235202790001', '2023-11-01 10:57:40', 'Sri Kis Widowati', 'Implan KB', 'Wonokromo', 'Sawunggaling', 'Pilih'),
('6471056403720007', '2023-11-01 10:57:40', 'Dyah Rahayu', 'MOW', 'Wonokromo', 'Wonokromo', 'Pilih');

-- --------------------------------------------------------

--
-- Struktur dari tabel `detail_mbr`
--

CREATE TABLE `detail_mbr` (
  `id_detail` int(11) NOT NULL,
  `nik` varchar(255) NOT NULL,
  `id_sub` int(11) NOT NULL
) ENGINE=InnoDB DEFAULT CHARSET=utf8mb4 COLLATE=utf8mb4_general_ci;

--
-- Dumping data untuk tabel `detail_mbr`
--

INSERT INTO `detail_mbr` (`id_detail`, `nik`, `id_sub`) VALUES
(1, '3578066505820006', 104),
(2, '3578066505820006', 110),
(3, '3578066505820006', 128),
(4, '3578066505820006', 140),
(5, '3578066505820006', 196),
(6, '3578045112830006', 67),
(7, '3578045112830006', 108),
(8, '3578045112830006', 129),
(9, '3578045112830006', 140),
(10, '3578045112830006', 198),
(11, '3578214102900002', 103),
(12, '3578214102900002', 106),
(13, '3578214102900002', 129),
(14, '3578214102900002', 140),
(15, '3578214102900002', 197),
(16, '3578045302880001', 104),
(17, '3578045302880001', 107),
(18, '3578045302880001', 129),
(19, '3578045302880001', 140),
(20, '3578045302880001', 198),
(21, '3578047105750012', 104),
(22, '3578047105750012', 117),
(23, '3578047105750012', 128),
(24, '3578047105750012', 140),
(25, '3578047105750012', 197),
(26, '3578045810780012', 67),
(27, '3578045810780012', 114),
(28, '3578045810780012', 128),
(29, '3578045810780012', 140),
(30, '3578045810780012', 198),
(31, '3578046105830001', 104),
(32, '3578046105830001', 109),
(33, '3578046105830001', 129),
(34, '3578046105830001', 140),
(35, '3578046105830001', 198),
(36, '3578046808840003', 104),
(37, '3578046808840003', 108),
(38, '3578046808840003', 128),
(39, '3578046808840003', 141),
(40, '3578046808840003', 197),
(41, '3578046605730001', 67),
(42, '3578046605730001', 119),
(43, '3578046605730001', 129),
(44, '3578046605730001', 140),
(45, '3578046605730001', 198),
(46, '3578046510800003', 103),
(47, '3578046510800003', 112),
(48, '3578046510800003', 132),
(49, '3578046510800003', 140),
(50, '3578046510800003', 197),
(51, '3578047006770002', 67),
(52, '3578047006770002', 115),
(53, '3578047006770002', 128),
(54, '3578047006770002', 140),
(55, '3578047006770002', 198),
(56, '3578044608860003', 104),
(57, '3578044608860003', 106),
(58, '3578044608860003', 132),
(59, '3578044608860003', 140),
(60, '3578044608860003', 198),
(61, '3578044211770001', 104),
(62, '3578044211770001', 114),
(63, '3578044211770001', 128),
(64, '3578044211770001', 140),
(65, '3578044211770001', 199),
(66, '3578046311790002', 103),
(67, '3578046311790002', 112),
(68, '3578046311790002', 129),
(69, '3578046311790002', 140),
(70, '3578046311790002', 198),
(71, '3578176502800010', 103),
(72, '3578176502800010', 112),
(73, '3578176502800010', 132),
(74, '3578176502800010', 140),
(75, '3578176502800010', 196),
(76, '3578066008870004', 67),
(77, '3578066008870004', 106),
(78, '3578066008870004', 128),
(79, '3578066008870004', 140),
(80, '3578066008870004', 197),
(81, '3578045505740011', 67),
(82, '3578045505740011', 118),
(83, '3578045505740011', 128),
(84, '3578045505740011', 140),
(85, '3578045505740011', 198),
(86, '3578046502740004', 103),
(87, '3578046502740004', 118),
(88, '3578046502740004', 129),
(89, '3578046502740004', 140),
(90, '3578046502740004', 198),
(91, '3578044902820006', 67),
(92, '3578044902820006', 110),
(93, '3578044902820006', 128),
(94, '3578044902820006', 140),
(95, '3578044902820006', 198),
(96, '3578045010750005', 104),
(97, '3578045010750005', 117),
(98, '3578045010750005', 129),
(99, '3578045010750005', 140),
(100, '3578045010750005', 197),
(101, '3578045312780004', 104),
(102, '3578045312780004', 113),
(103, '3578045312780004', 128),
(104, '3578045312780004', 140),
(105, '3578045312780004', 198),
(106, '3578044303810006', 67),
(107, '3578044303810006', 111),
(108, '3578044303810006', 128),
(109, '3578044303810006', 140),
(110, '3578044303810006', 198),
(111, '3578046702820005', 67),
(112, '3578046702820005', 110),
(113, '3578046702820005', 132),
(114, '3578046702820005', 140),
(115, '3578046702820005', 197),
(116, '3578046703820001', 67),
(117, '3578046703820001', 110),
(118, '3578046703820001', 125),
(119, '3578046703820001', 140),
(120, '3578046703820001', 197),
(121, '3578045306840012', 104),
(122, '3578045306840012', 108),
(123, '3578045306840012', 132),
(124, '3578045306840012', 140),
(125, '3578045306840012', 198),
(126, '3578045805780012', 103),
(127, '3578045805780012', 114),
(128, '3578045805780012', 132),
(129, '3578045805780012', 140),
(130, '3578045805780012', 197),
(131, '3578045807870001', 103),
(132, '3578045807870001', 107),
(133, '3578045807870001', 132),
(134, '3578045807870001', 140),
(135, '3578045807870001', 197),
(136, '3578045607810009', 103),
(137, '3578045607810009', 111),
(138, '3578045607810009', 132),
(139, '3578045607810009', 140),
(140, '3578045607810009', 198),
(141, '3517126404810003', 104),
(142, '3517126404810003', 111),
(143, '3517126404810003', 132),
(144, '3517126404810003', 140),
(145, '3517126404810003', 197),
(146, '3578045804740009', 104),
(147, '3578045804740009', 118),
(148, '3578045804740009', 129),
(149, '3578045804740009', 140),
(150, '3578045804740009', 198),
(151, '3578034801740004', 67),
(152, '3578034801740004', 118),
(153, '3578034801740004', 123),
(154, '3578034801740004', 140),
(155, '3578034801740004', 197),
(156, '3578045905770002', 67),
(157, '3578045905770002', 115),
(158, '3578045905770002', 129),
(159, '3578045905770002', 140),
(160, '3578045905770002', 197),
(161, '3578045411800001', 67),
(162, '3578045411800001', 111),
(163, '3578045411800001', 129),
(164, '3578045411800001', 141),
(165, '3578045411800001', 198),
(166, '3517094103730006', 104),
(167, '3517094103730006', 119),
(168, '3517094103730006', 132),
(169, '3517094103730006', 140),
(170, '3517094103730006', 197),
(171, '3578046404840002', 104),
(172, '3578046404840002', 108),
(173, '3578046404840002', 128),
(174, '3578046404840002', 140),
(175, '3578046404840002', 198),
(176, '3578044812850005', 104),
(177, '3578044812850005', 106),
(178, '3578044812850005', 132),
(179, '3578044812850005', 140),
(180, '3578044812850005', 197),
(181, '3578046306760005', 103),
(182, '3578046306760005', 116),
(183, '3578046306760005', 129),
(184, '3578046306760005', 140),
(185, '3578046306760005', 197),
(186, '3578045212830012', 67),
(187, '3578045212830012', 108),
(188, '3578045212830012', 123),
(189, '3578045212830012', 140),
(190, '3578045212830012', 196),
(191, '3578045412720001', 104),
(192, '3578045412720001', 119),
(193, '3578045412720001', 132),
(194, '3578045412720001', 140),
(195, '3578045412720001', 197),
(196, '3578044703750004', 104),
(197, '3578044703750004', 117),
(198, '3578044703750004', 129),
(199, '3578044703750004', 140),
(200, '3578044703750004', 196),
(201, '3578046310730002', 103),
(202, '3578046310730002', 119),
(203, '3578046310730002', 128),
(204, '3578046310730002', 140),
(205, '3578046310730002', 198),
(206, '3578046806790002', 103),
(207, '3578046806790002', 113),
(208, '3578046806790002', 128),
(209, '3578046806790002', 140),
(210, '3578046806790002', 197),
(211, '3578044404740004', 104),
(212, '3578044404740004', 118),
(213, '3578044404740004', 129),
(214, '3578044404740004', 141),
(215, '3578044404740004', 198),
(216, '3578047112760011', 103),
(217, '3578047112760011', 115),
(218, '3578047112760011', 132),
(219, '3578047112760011', 140),
(220, '3578047112760011', 197),
(221, '3578046809820007', 103),
(222, '3578046809820007', 110),
(223, '3578046809820007', 128),
(224, '3578046809820007', 141),
(225, '3578046809820007', 197),
(226, '3524215512770003', 103),
(227, '3524215512770003', 115),
(228, '3524215512770003', 128),
(229, '3524215512770003', 141),
(230, '3524215512770003', 198),
(231, '3578045707800002', 67),
(232, '3578045707800002', 112),
(233, '3578045707800002', 123),
(234, '3578045707800002', 140),
(235, '3578045707800002', 197),
(236, '3578044705850001', 104),
(237, '3578044705850001', 107),
(238, '3578044705850001', 129),
(239, '3578044705850001', 140),
(240, '3578044705850001', 197),
(241, '3515074505850011', 104),
(242, '3515074505850011', 107),
(243, '3515074505850011', 129),
(244, '3515074505850011', 140),
(245, '3515074505850011', 198),
(246, '3578044412800002', 103),
(247, '3578044412800002', 111),
(248, '3578044412800002', 129),
(249, '3578044412800002', 140),
(250, '3578044412800002', 199),
(251, '3515134911810008', 104),
(252, '3515134911810008', 110),
(253, '3515134911810008', 123),
(254, '3515134911810008', 140),
(255, '3515134911810008', 197),
(256, '3578045811720007', 104),
(257, '3578045811720007', 119),
(258, '3578045811720007', 129),
(259, '3578045811720007', 140),
(260, '3578045811720007', 197),
(261, '3578045912730011', 103),
(262, '3578045912730011', 118),
(263, '3578045912730011', 128),
(264, '3578045912730011', 140),
(265, '3578045912730011', 196),
(266, '3578044602780003', 103),
(267, '3578044602780003', 114),
(268, '3578044602780003', 128),
(269, '3578044602780003', 140),
(270, '3578044602780003', 197),
(271, '3578046511740011', 104),
(272, '3578046511740011', 117),
(273, '3578046511740011', 128),
(274, '3578046511740011', 140),
(275, '3578046511740011', 198),
(276, '3578044410730003', 104),
(277, '3578044410730003', 119),
(278, '3578044410730003', 129),
(279, '3578044410730003', 140),
(280, '3578044410730003', 197),
(281, '3578105609740007', 67),
(282, '3578105609740007', 118),
(283, '3578105609740007', 129),
(284, '3578105609740007', 140),
(285, '3578105609740007', 198),
(286, '3578045002770002', 103),
(287, '3578045002770002', 115),
(288, '3578045002770002', 128),
(289, '3578045002770002', 140),
(290, '3578045002770002', 197),
(291, '3578044409740004', 103),
(292, '3578044409740004', 118),
(293, '3578044409740004', 129),
(294, '3578044409740004', 140),
(295, '3578044409740004', 198),
(296, '3517017004810003', 104),
(297, '3517017004810003', 111),
(298, '3517017004810003', 128),
(299, '3517017004810003', 141),
(300, '3517017004810003', 199),
(301, '3578045411830003', 103),
(302, '3578045411830003', 108),
(303, '3578045411830003', 132),
(304, '3578045411830003', 140),
(305, '3578045411830003', 196),
(306, '3578046404800005', 104),
(307, '3578046404800005', 112),
(308, '3578046404800005', 128),
(309, '3578046404800005', 141),
(310, '3578046404800005', 198),
(311, '3578044505930004', 103),
(312, '3578044505930004', 106),
(313, '3578044505930004', 132),
(314, '3578044505930004', 140),
(315, '3578044505930004', 197),
(316, '3578044503760003', 104),
(317, '3578044503760003', 116),
(318, '3578044503760003', 129),
(319, '3578044503760003', 140),
(320, '3578044503760003', 198),
(321, '3578044707770010', 104),
(322, '3578044707770010', 115),
(323, '3578044707770010', 123),
(324, '3578044707770010', 140),
(325, '3578044707770010', 197),
(326, '3578045009790001', 104),
(327, '3578045009790001', 113),
(328, '3578045009790001', 129),
(329, '3578045009790001', 140),
(330, '3578045009790001', 197),
(331, '3578045704910003', 67),
(332, '3578045704910003', 118),
(333, '3578045704910003', 129),
(334, '3578045704910003', 140),
(335, '3578045704910003', 199),
(336, '3578047108830001', 104),
(337, '3578047108830001', 109),
(338, '3578047108830001', 129),
(339, '3578047108830001', 140),
(340, '3578047108830001', 196),
(341, '3526144107730264', 104),
(342, '3526144107730264', 119),
(343, '3526144107730264', 132),
(344, '3526144107730264', 140),
(345, '3526144107730264', 199),
(346, '3578066502830003', 67),
(347, '3578066502830003', 109),
(348, '3578066502830003', 128),
(349, '3578066502830003', 140),
(350, '3578066502830003', 198),
(351, '3578045101800006', 67),
(352, '3578045101800006', 112),
(353, '3578045101800006', 128),
(354, '3578045101800006', 140),
(355, '3578045101800006', 197),
(356, '3578044303720002', 104),
(357, '3578044303720002', 120),
(358, '3578044303720002', 132),
(359, '3578044303720002', 140),
(360, '3578044303720002', 197),
(361, '3578045311770004', 104),
(362, '3578045311770004', 114),
(363, '3578045311770004', 132),
(364, '3578045311770004', 140),
(365, '3578045311770004', 198),
(366, '3578045605810002', 67),
(367, '3578045605810002', 111),
(368, '3578045605810002', 129),
(369, '3578045605810002', 140),
(370, '3578045605810002', 198),
(371, '3526136305720002', 104),
(372, '3526136305720002', 120),
(373, '3526136305720002', 129),
(374, '3526136305720002', 140),
(375, '3526136305720002', 198),
(376, '3578045506850002', 104),
(377, '3578045506850002', 107),
(378, '3578045506850002', 128),
(379, '3578045506850002', 140),
(380, '3578045506850002', 198),
(381, '3578046212820004', 104),
(382, '3578046212820004', 109),
(383, '3578046212820004', 132),
(384, '3578046212820004', 140),
(385, '3578046212820004', 198),
(386, '3578044411760001', 104),
(387, '3578044411760001', 115),
(388, '3578044411760001', 129),
(389, '3578044411760001', 140),
(390, '3578044411760001', 198),
(391, '3578045207830002', 104),
(392, '3578045207830002', 109),
(393, '3578045207830002', 129),
(394, '3578045207830002', 140),
(395, '3578045207830002', 197),
(396, '3578046804750003', 67),
(397, '3578046804750003', 117),
(398, '3578046804750003', 129),
(399, '3578046804750003', 141),
(400, '3578046804750003', 198),
(401, '3578046701730004', 67),
(402, '3578046701730004', 119),
(403, '3578046701730004', 129),
(404, '3578046701730004', 140),
(405, '3578046701730004', 198),
(406, '3578036011870002', 104),
(407, '3578036011870002', 106),
(408, '3578036011870002', 129),
(409, '3578036011870002', 140),
(410, '3578036011870002', 197),
(411, '3578044606830012', 104),
(412, '3578044606830012', 109),
(413, '3578044606830012', 128),
(414, '3578044606830012', 140),
(415, '3578044606830012', 198),
(421, '3578046505750002', 103),
(422, '3578046505750002', 117),
(423, '3578046505750002', 129),
(424, '3578046505750002', 140),
(425, '3578046505750002', 197),
(426, '3578044604770012', 103),
(427, '3578044604770012', 115),
(428, '3578044604770012', 128),
(429, '3578044604770012', 140),
(430, '3578044604770012', 198),
(431, '3506245507800002', 103),
(432, '3506245507800002', 112),
(433, '3506245507800002', 128),
(434, '3506245507800002', 140),
(435, '3506245507800002', 197),
(436, '3578045406790006', 67),
(437, '3578045406790006', 113),
(438, '3578045406790006', 123),
(439, '3578045406790006', 140),
(440, '3578045406790006', 196),
(441, '3578044101760007', 104),
(442, '3578044101760007', 116),
(443, '3578044101760007', 132),
(444, '3578044101760007', 140),
(445, '3578044101760007', 198),
(446, '3578046006820002', 67),
(447, '3578046006820002', 110),
(448, '3578046006820002', 128),
(449, '3578046006820002', 140),
(450, '3578046006820002', 198),
(451, '3578046401730002', 104),
(452, '3578046401730002', 119),
(453, '3578046401730002', 132),
(454, '3578046401730002', 140),
(455, '3578046401730002', 198),
(456, '3525135104830003', 104),
(457, '3525135104830003', 109),
(458, '3525135104830003', 129),
(459, '3525135104830003', 140),
(460, '3525135104830003', 198),
(461, '3578044308740006', 104),
(462, '3578044308740006', 118),
(463, '3578044308740006', 129),
(464, '3578044308740006', 140),
(465, '3578044308740006', 197),
(466, '3578045601760001', 104),
(467, '3578045601760001', 116),
(468, '3578045601760001', 129),
(469, '3578045601760001', 140),
(470, '3578045601760001', 197),
(471, '3578046803760006', 67),
(472, '3578046803760006', 116),
(473, '3578046803760006', 132),
(474, '3578046803760006', 140),
(475, '3578046803760006', 198),
(476, '3526135610770001', 103),
(477, '3526135610770001', 115),
(478, '3526135610770001', 132),
(479, '3526135610770001', 141),
(480, '3526135610770001', 199),
(481, '3578045005780002', 104),
(482, '3578045005780002', 114),
(483, '3578045005780002', 132),
(484, '3578045005780002', 140),
(485, '3578045005780002', 197),
(486, '3578045408800003', 104),
(487, '3578045408800003', 112),
(488, '3578045408800003', 129),
(489, '3578045408800003', 140),
(490, '3578045408800003', 198),
(491, '3578046610780008', 67),
(492, '3578046610780008', 114),
(493, '3578046610780008', 129),
(494, '3578046610780008', 140),
(495, '3578046610780008', 198),
(496, '3578056202740003', 104),
(497, '3578056202740003', 118),
(498, '3578056202740003', 128),
(499, '3578056202740003', 141),
(500, '3578056202740003', 198),
(501, '3578045106830005', 104),
(502, '3578045106830005', 109),
(503, '3578045106830005', 128),
(504, '3578045106830005', 140),
(505, '3578045106830005', 197),
(506, '3578045811860006', 104),
(507, '3578045811860006', 106),
(508, '3578045811860006', 132),
(509, '3578045811860006', 140),
(510, '3578045811860006', 198),
(511, '3578046007770005', 67),
(512, '3578046007770005', 115),
(513, '3578046007770005', 128),
(514, '3578046007770005', 140),
(515, '3578046007770005', 198),
(516, '3578044101820011', 67),
(517, '3578044101820011', 110),
(518, '3578044101820011', 129),
(519, '3578044101820011', 140),
(520, '3578044101820011', 198),
(521, '3578044604790005', 67),
(522, '3578044604790005', 113),
(523, '3578044604790005', 128),
(524, '3578044604790005', 140),
(525, '3578044604790005', 198),
(526, '3578066703770002', 104),
(527, '3578066703770002', 115),
(528, '3578066703770002', 132),
(529, '3578066703770002', 141),
(530, '3578066703770002', 198),
(531, '3578044401750003', 104),
(532, '3578044401750003', 117),
(533, '3578044401750003', 129),
(534, '3578044401750003', 140),
(535, '3578044401750003', 197),
(536, '3578046509730003', 104),
(537, '3578046509730003', 119),
(538, '3578046509730003', 129),
(539, '3578046509730003', 141),
(540, '3578046509730003', 198),
(541, '3578046208780006', 104),
(542, '3578046208780006', 114),
(543, '3578046208780006', 132),
(544, '3578046208780006', 140),
(545, '3578046208780006', 198),
(546, '3578046405850011', 104),
(547, '3578046405850011', 107),
(548, '3578046405850011', 128),
(549, '3578046405850011', 140),
(550, '3578046405850011', 197),
(551, '3578045206770002', 104),
(552, '3578045206770002', 115),
(553, '3578045206770002', 128),
(554, '3578045206770002', 140),
(555, '3578045206770002', 197),
(556, '3578045003810012', 67),
(557, '3578045003810012', 111),
(558, '3578045003810012', 128),
(559, '3578045003810012', 140),
(560, '3578045003810012', 198),
(561, '3577014409840002', 104),
(562, '3577014409840002', 108),
(563, '3577014409840002', 129),
(564, '3577014409840002', 140),
(565, '3577014409840002', 198),
(566, '3578044809780011', 104),
(567, '3578044809780011', 114),
(568, '3578044809780011', 128),
(569, '3578044809780011', 140),
(570, '3578044809780011', 197),
(571, '3578045012720001', 104),
(572, '3578045012720001', 119),
(573, '3578045012720001', 129),
(574, '3578045012720001', 140),
(575, '3578045012720001', 198),
(576, '3578044703730012', 104),
(577, '3578044703730012', 119),
(578, '3578044703730012', 132),
(579, '3578044703730012', 140),
(580, '3578044703730012', 197),
(581, '3578044605830001', 104),
(582, '3578044605830001', 109),
(583, '3578044605830001', 128),
(584, '3578044605830001', 140),
(585, '3578044605830001', 198),
(586, '3578045006770005', 104),
(587, '3578045006770005', 115),
(588, '3578045006770005', 128),
(589, '3578045006770005', 140),
(590, '3578045006770005', 196),
(591, '3578045607800005', 104),
(592, '3578045607800005', 112),
(593, '3578045607800005', 132),
(594, '3578045607800005', 140),
(595, '3578045607800005', 197),
(596, '3578045708840003', 104),
(597, '3578045708840003', 108),
(598, '3578045708840003', 129),
(599, '3578045708840003', 140),
(600, '3578045708840003', 198),
(601, '3578175006820010', 103),
(602, '3578175006820010', 110),
(603, '3578175006820010', 129),
(604, '3578175006820010', 140),
(605, '3578175006820010', 197),
(606, '3517096006870005', 104),
(607, '3517096006870005', 106),
(608, '3517096006870005', 132),
(609, '3517096006870005', 140),
(610, '3517096006870005', 197),
(611, '3578045605750011', 104),
(612, '3578045605750011', 117),
(613, '3578045605750011', 128),
(614, '3578045605750011', 140),
(615, '3578045605750011', 198),
(616, '3578045306850001', 67),
(617, '3578045306850001', 107),
(618, '3578045306850001', 129),
(619, '3578045306850001', 140),
(620, '3578045306850001', 197),
(621, '3578046512800001', 67),
(622, '3578046512800001', 111),
(623, '3578046512800001', 132),
(624, '3578046512800001', 140),
(625, '3578046512800001', 198),
(626, '3578046409930003', 104),
(627, '3578046409930003', 106),
(628, '3578046409930003', 132),
(629, '3578046409930003', 140),
(630, '3578046409930003', 197),
(631, '3578044102820005', 104),
(632, '3578044102820005', 110),
(633, '3578044102820005', 129),
(634, '3578044102820005', 140),
(635, '3578044102820005', 198),
(636, '3578046811800001', 67),
(637, '3578046811800001', 111),
(638, '3578046811800001', 129),
(639, '3578046811800001', 140),
(640, '3578046811800001', 198),
(641, '3578086403780001', 104),
(642, '3578086403780001', 114),
(643, '3578086403780001', 132),
(644, '3578086403780001', 141),
(645, '3578086403780001', 197),
(646, '3578227006860001', 104),
(647, '3578227006860001', 106),
(648, '3578227006860001', 129),
(649, '3578227006860001', 140),
(650, '3578227006860001', 198),
(651, '3578045003820012', 104),
(652, '3578045003820012', 110),
(653, '3578045003820012', 132),
(654, '3578045003820012', 140),
(655, '3578045003820012', 197),
(656, '3578044812810006', 104),
(657, '3578044812810006', 110),
(658, '3578044812810006', 132),
(659, '3578044812810006', 140),
(660, '3578044812810006', 197),
(661, '3578045702820012', 104),
(662, '3578045702820012', 110),
(663, '3578045702820012', 132),
(664, '3578045702820012', 140),
(665, '3578045702820012', 198),
(666, '3578045502760004', 103),
(667, '3578045502760004', 116),
(668, '3578045502760004', 129),
(669, '3578045502760004', 140),
(670, '3578045502760004', 198),
(671, '3578045507750003', 67),
(672, '3578045507750003', 117),
(673, '3578045507750003', 128),
(674, '3578045507750003', 140),
(675, '3578045507750003', 197),
(676, '3578046402770003', 67),
(677, '3578046402770003', 115),
(678, '3578046402770003', 128),
(679, '3578046402770003', 140),
(680, '3578046402770003', 198),
(681, '3578045605790011', 104),
(682, '3578045605790011', 113),
(683, '3578045605790011', 132),
(684, '3578045605790011', 140),
(685, '3578045605790011', 197),
(686, '3578046304770001', 104),
(687, '3578046304770001', 115),
(688, '3578046304770001', 129),
(689, '3578046304770001', 141),
(690, '3578046304770001', 198),
(691, '3578047112740013', 67),
(692, '3578047112740013', 117),
(693, '3578047112740013', 129),
(694, '3578047112740013', 140),
(695, '3578047112740013', 198),
(696, '3578044908800007', 104),
(697, '3578044908800007', 112),
(698, '3578044908800007', 132),
(699, '3578044908800007', 141),
(700, '3578044908800007', 198),
(701, '3578046408760011', 103),
(702, '3578046408760011', 116),
(703, '3578046408760011', 129),
(704, '3578046408760011', 140),
(705, '3578046408760011', 197),
(706, '3578044406790011', 67),
(707, '3578044406790011', 113),
(708, '3578044406790011', 132),
(709, '3578044406790011', 140),
(710, '3578044406790011', 199),
(711, '3578235202790001', 104),
(712, '3578235202790001', 113),
(713, '3578235202790001', 132),
(714, '3578235202790001', 140),
(715, '3578235202790001', 198),
(716, '3578046405760011', 67),
(717, '3578046405760011', 116),
(718, '3578046405760011', 132),
(719, '3578046405760011', 140),
(720, '3578046405760011', 197),
(721, '3578045008790011', 67),
(722, '3578045008790011', 113),
(723, '3578045008790011', 128),
(724, '3578045008790011', 140),
(725, '3578045008790011', 199),
(726, '3578044406730005', 103),
(727, '3578044406730005', 119),
(728, '3578044406730005', 128),
(729, '3578044406730005', 141),
(730, '3578044406730005', 197),
(736, '3578044909810003', 103),
(737, '3578044909810003', 111),
(738, '3578044909810003', 132),
(739, '3578044909810003', 140),
(740, '3578044909810003', 197),
(741, '3578045511740002', 103),
(742, '3578045511740002', 117),
(743, '3578045511740002', 128),
(744, '3578045511740002', 140),
(745, '3578045511740002', 197),
(746, '3578045405810005', 67),
(747, '3578045405810005', 111),
(748, '3578045405810005', 132),
(749, '3578045405810005', 140),
(750, '3578045405810005', 197),
(751, '3578045402750001', 67),
(752, '3578045402750001', 117),
(753, '3578045402750001', 129),
(754, '3578045402750001', 140),
(755, '3578045402750001', 198),
(756, '3578045412720004', 104),
(757, '3578045412720004', 119),
(758, '3578045412720004', 132),
(759, '3578045412720004', 141),
(760, '3578045412720004', 198),
(761, '3578044405820002', 104),
(762, '3578044405820002', 110),
(763, '3578044405820002', 128),
(764, '3578044405820002', 141),
(765, '3578044405820002', 198),
(766, '6471056403720007', 104),
(767, '6471056403720007', 120),
(768, '6471056403720007', 128),
(769, '6471056403720007', 140),
(770, '6471056403720007', 198),
(771, '3578045209770002', 104),
(772, '3578045209770002', 115),
(773, '3578045209770002', 132),
(774, '3578045209770002', 140),
(775, '3578045209770002', 197),
(776, '3578044808750009', 67),
(777, '3578044808750009', 117),
(778, '3578044808750009', 132),
(779, '3578044808750009', 141),
(780, '3578044808750009', 198),
(781, '3578025011790002', 103),
(782, '3578025011790002', 112),
(783, '3578025011790002', 129),
(784, '3578025011790002', 141),
(785, '3578025011790002', 197),
(786, '3578045801730006', 104),
(787, '3578045801730006', 119),
(788, '3578045801730006', 128),
(789, '3578045801730006', 140),
(790, '3578045801730006', 197),
(791, '3578046908770001', 67),
(792, '3578046908770001', 115),
(793, '3578046908770001', 129),
(794, '3578046908770001', 141),
(795, '3578046908770001', 197),
(796, '3515145706760002', 103),
(797, '3515145706760002', 116),
(798, '3515145706760002', 128),
(799, '3515145706760002', 140),
(800, '3515145706760002', 198),
(801, '3578045004720012', 67),
(802, '3578045004720012', 120),
(803, '3578045004720012', 129),
(804, '3578045004720012', 140),
(805, '3578045004720012', 196),
(806, '3527047003770001', 104),
(807, '3527047003770001', 115),
(808, '3527047003770001', 129),
(809, '3527047003770001', 141),
(810, '3527047003770001', 197),
(811, '3526036308830001', 67),
(812, '3526036308830001', 109),
(813, '3526036308830001', 128),
(814, '3526036308830001', 141),
(815, '3526036308830001', 198),
(816, '3578045302720004', 103),
(817, '3578045302720004', 120),
(818, '3578045302720004', 132),
(819, '3578045302720004', 140),
(820, '3578045302720004', 197),
(821, '3578047007730002', 104),
(822, '3578047007730002', 119),
(823, '3578047007730002', 129),
(824, '3578047007730002', 141),
(825, '3578047007730002', 198),
(826, '3578045112720004', 104),
(827, '3578045112720004', 119),
(828, '3578045112720004', 129),
(829, '3578045112720004', 141),
(830, '3578045112720004', 197),
(831, '3578045508810001', 104),
(832, '3578045508810001', 111),
(833, '3578045508810001', 128),
(834, '3578045508810001', 141),
(835, '3578045508810001', 199),
(836, '3578045512840004', 67),
(837, '3578045512840004', 107),
(838, '3578045512840004', 128),
(839, '3578045512840004', 140),
(840, '3578045512840004', 198),
(841, '3578046309840001', 104),
(842, '3578046309840001', 108),
(843, '3578046309840001', 129),
(844, '3578046309840001', 140),
(845, '3578046309840001', 197),
(846, '3578045001860001', 67),
(847, '3578045001860001', 106),
(848, '3578045001860001', 132),
(849, '3578045001860001', 140),
(850, '3578045001860001', 197),
(851, '3527034712790004', 104),
(852, '3527034712790004', 112),
(853, '3527034712790004', 128),
(854, '3527034712790004', 140),
(855, '3527034712790004', 198),
(856, '3578047010850003', 67),
(857, '3578047010850003', 107),
(858, '3578047010850003', 128),
(859, '3578047010850003', 140),
(860, '3578047010850003', 198),
(861, '3578044306720005', 104),
(862, '3578044306720005', 120),
(863, '3578044306720005', 129),
(864, '3578044306720005', 140),
(865, '3578044306720005', 197),
(866, '3578046702740004', 104),
(867, '3578046702740004', 118),
(868, '3578046702740004', 132),
(869, '3578046702740004', 140),
(870, '3578046702740004', 198),
(871, '3578045710840004', 67),
(872, '3578045710840004', 108),
(873, '3578045710840004', 128),
(874, '3578045710840004', 140),
(875, '3578045710840004', 197),
(876, '3578045206740002', 104),
(877, '3578045206740002', 118),
(878, '3578045206740002', 132),
(879, '3578045206740002', 140),
(880, '3578045206740002', 197),
(881, '3578044905780011', 67),
(882, '3578044905780011', 114),
(883, '3578044905780011', 129),
(884, '3578044905780011', 140),
(885, '3578044905780011', 197),
(886, '3578045211830004', 103),
(887, '3578045211830004', 108),
(888, '3578045211830004', 129),
(889, '3578045211830004', 140),
(890, '3578045211830004', 198),
(910, '3506155908730001', 104),
(911, '3506155908730001', 119),
(912, '3506155908730001', 128),
(913, '3506155908730001', 140),
(914, '3506155908730001', 198),
(915, '3311056808730002', 104),
(916, '3311056808730002', 119),
(917, '3311056808730002', 132),
(918, '3311056808730002', 140),
(919, '3311056808730002', 198),
(920, '3578044210750003', 103),
(921, '3578044210750003', 117),
(922, '3578044210750003', 132),
(923, '3578044210750003', 140),
(924, '3578044210750003', 198),
(925, '3578046504800007', 67),
(926, '3578046504800007', 112),
(927, '3578046504800007', 128),
(928, '3578046504800007', 141),
(929, '3578046504800007', 196),
(930, '3578045506800002', 104),
(931, '3578045506800002', 112),
(932, '3578045506800002', 129),
(933, '3578045506800002', 141),
(934, '3578045506800002', 198),
(935, '3578046812730005', 103),
(936, '3578046812730005', 118),
(937, '3578046812730005', 132),
(938, '3578046812730005', 140),
(939, '3578046812730005', 197),
(940, '3578046401800001', 103),
(941, '3578046401800001', 112),
(942, '3578046401800001', 128),
(943, '3578046401800001', 140),
(944, '3578046401800001', 197),
(945, '3578045803730006', 104),
(946, '3578045803730006', 119),
(947, '3578045803730006', 129),
(948, '3578045803730006', 140),
(949, '3578045803730006', 198),
(950, '3578045503780006', 104),
(951, '3578045503780006', 114),
(952, '3578045503780006', 129),
(953, '3578045503780006', 140),
(954, '3578045503780006', 198),
(955, '3578047101830005', 67),
(956, '3578047101830005', 109),
(957, '3578047101830005', 128),
(958, '3578047101830005', 140),
(959, '3578047101830005', 197),
(960, '3578046405760007', 67),
(961, '3578046405760007', 116),
(962, '3578046405760007', 129),
(963, '3578046405760007', 141),
(964, '3578046405760007', 198),
(965, '3578044903760006', 104),
(966, '3578044903760006', 116),
(967, '3578044903760006', 128),
(968, '3578044903760006', 140),
(969, '3578044903760006', 197),
(970, '3578046110740002', 104),
(971, '3578046110740002', 118),
(972, '3578046110740002', 129),
(973, '3578046110740002', 141),
(974, '3578046110740002', 198),
(975, '3578044211820004', 67),
(976, '3578044211820004', 109),
(977, '3578044211820004', 129),
(978, '3578044211820004', 141),
(979, '3578044211820004', 196),
(980, '3578084602890001', 104),
(981, '3578084602890001', 106),
(982, '3578084602890001', 132),
(983, '3578084602890001', 141),
(984, '3578084602890001', 199),
(985, '3578045405850002', 103),
(986, '3578045405850002', 107),
(987, '3578045405850002', 132),
(988, '3578045405850002', 140),
(989, '3578045405850002', 198),
(990, '3578046204740004', 104),
(991, '3578046204740004', 118),
(992, '3578046204740004', 128),
(993, '3578046204740004', 140),
(994, '3578046204740004', 198);

-- --------------------------------------------------------

--
-- Struktur dari tabel `hak_akses`
--

CREATE TABLE `hak_akses` (
  `id_akses` varchar(50) NOT NULL,
  `nama_akses` varchar(255) NOT NULL,
  `username` varchar(120) NOT NULL,
  `password` varchar(120) NOT NULL,
  `role_id` int(11) NOT NULL,
  `kec` varchar(120) DEFAULT NULL,
  `kel` varchar(120) DEFAULT NULL,
  `status` varchar(50) NOT NULL
) ENGINE=InnoDB DEFAULT CHARSET=utf8mb4 COLLATE=utf8mb4_general_ci;

--
-- Dumping data untuk tabel `hak_akses`
--

INSERT INTO `hak_akses` (`id_akses`, `nama_akses`, `username`, `password`, `role_id`, `kec`, `kel`, `status`) VALUES
('0001', 'Admin', 'admin', 'admin', 1, NULL, NULL, 'Aktif'),
('3578', 'DP3APPKB', 'dp3appkb', '123456', 1, NULL, NULL, 'Aktif'),
('357804', 'Kecamatan Wonokromo', 'wonokromo', 'wonokromo', 2, 'Wonokromo', NULL, 'Aktif'),
('3578041001', 'Kelurahan Wonokromo', 'wonokromo', 'wonokromo123', 3, 'Wonokromo', 'Wonokromo', 'Aktif'),
('3578041002', 'Kelurahan Jagir', 'jagir', 'jagir123', 3, 'Wonokromo', 'Jagir', 'Aktif'),
('3578041003', 'Kelurahan Ngagel', 'ngagel', 'ngagel123', 3, 'Wonokromo', 'Ngagel', 'Aktif'),
('3578041004', 'Kelurahan Ngagel Rejo', 'ngagelrejo', 'ngagelrejo123', 3, 'Wonokromo', 'Ngagel Rejo', 'Aktif'),
('3578041005', 'Kelurahan Darmo', 'darmo', 'darmo123', 3, 'Wonokromo', 'Darmo', 'Aktif'),
('3578041006', 'Kelurahan Sawunggaling', 'sawunggaling', 'sawunggaling123', 3, 'Wonokromo', 'Sawunggaling', 'Aktif');

-- --------------------------------------------------------

--
-- Struktur dari tabel `hasil`
--

CREATE TABLE `hasil` (
  `id_hasil` int(11) NOT NULL,
  `tanggal_hitung` timestamp NOT NULL DEFAULT current_timestamp(),
  `nik` varchar(50) NOT NULL,
  `nilai` float NOT NULL,
  `status` varchar(25) NOT NULL
) ENGINE=InnoDB DEFAULT CHARSET=utf8mb4 COLLATE=utf8mb4_general_ci;

-- --------------------------------------------------------

--
-- Struktur dari tabel `sub_kriteria`
--

CREATE TABLE `sub_kriteria` (
  `id_sub` int(11) NOT NULL,
  `nama_kriteria` varchar(120) NOT NULL,
  `nama_sub` varchar(120) NOT NULL,
  `nilai_sub` int(11) NOT NULL
) ENGINE=InnoDB DEFAULT CHARSET=utf8mb4 COLLATE=utf8mb4_general_ci;

--
-- Dumping data untuk tabel `sub_kriteria`
--

INSERT INTO `sub_kriteria` (`id_sub`, `nama_kriteria`, `nama_sub`, `nilai_sub`) VALUES
(24, 'Pekerjaan', 'Anggota DPR-RI', 1),
(25, 'Pekerjaan', 'Anggota DPD-RI', 1),
(26, 'Pekerjaan', 'Anggota BPK', 1),
(27, 'Pekerjaan', 'Presiden', 1),
(28, 'Pekerjaan', 'Wakil Presiden', 1),
(29, 'Pekerjaan', 'Anggota Mahkamah Konstitusi', 1),
(30, 'Pekerjaan', 'Anggota Kabinet/Kementrian', 1),
(31, 'Pekerjaan', 'Duta Besar', 1),
(32, 'Pekerjaan', 'Gubernur', 1),
(33, 'Pekerjaan', 'Wakil Gubernur', 1),
(34, 'Pekerjaan', 'Bupati', 1),
(35, 'Pekerjaan', 'Wakil Bupati', 1),
(36, 'Pekerjaan', 'Walikota', 1),
(37, 'Pekerjaan', 'Wakil Walikota', 1),
(38, 'Pekerjaan', 'Anggota DPRD Provinsi', 1),
(39, 'Pekerjaan', 'Anggota DPRD Kabupaten/Kota', 1),
(40, 'Pekerjaan', 'Pengacara', 1),
(41, 'Pekerjaan', 'Notaris', 1),
(42, 'Pekerjaan', 'Arsitek', 1),
(43, 'Pekerjaan', 'Kontraktor', 1),
(44, 'Pekerjaan', 'Dokter', 1),
(45, 'Pekerjaan', 'Perdagangan', 1),
(46, 'Pekerjaan', 'Industri', 1),
(47, 'Pekerjaan', 'Wiraswasta', 1),
(48, 'Pekerjaan', 'Pegawai Negeri Sipil', 2),
(49, 'Pekerjaan', 'Tentara Nasional Indonesia', 2),
(50, 'Pekerjaan', 'Kepolisian RI', 2),
(51, 'Pekerjaan', 'Karyawan BUMN', 2),
(52, 'Pekerjaan', 'Karyawan BUMD', 2),
(53, 'Pekerjaan', 'Perancang Busana', 2),
(54, 'Pekerjaan', 'Penterjemah', 2),
(55, 'Pekerjaan', 'Dosen', 2),
(56, 'Pekerjaan', 'Pilot', 2),
(57, 'Pekerjaan', 'Psikiater/Psikolog', 2),
(58, 'Pekerjaan', 'Penyiar Televisi', 2),
(59, 'Pekerjaan', 'Peneliti', 2),
(60, 'Pekerjaan', 'Kepala Desa', 2),
(61, 'Pekerjaan', 'Pelaut', 2),
(62, 'Pekerjaan', 'Peternak', 2),
(63, 'Pekerjaan', 'Akuntan', 2),
(64, 'Pekerjaan', 'Konsultan', 2),
(65, 'Pekerjaan', 'Juru Masak', 2),
(66, 'Pekerjaan', 'Perangkat Desa', 3),
(67, 'Pekerjaan', 'Karyawan Swasta', 3),
(68, 'Pekerjaan', 'Karyawan Honorer', 3),
(69, 'Pekerjaan', 'Penata Busana', 3),
(70, 'Pekerjaan', 'Penata Rambut', 3),
(71, 'Pekerjaan', 'Penata Rias', 3),
(72, 'Pekerjaan', 'Wartawan', 3),
(73, 'Pekerjaan', 'Promotor Acara', 3),
(74, 'Pekerjaan', 'Bidan', 3),
(75, 'Pekerjaan', 'Guru', 3),
(76, 'Pekerjaan', 'Perawat', 3),
(77, 'Pekerjaan', 'Apoteker', 3),
(78, 'Pekerjaan', 'Penyiar Radio', 3),
(79, 'Pekerjaan', 'Seniman', 3),
(80, 'Pekerjaan', 'Mekanik', 4),
(81, 'Pekerjaan', 'Pendeta', 4),
(82, 'Pekerjaan', 'Pastor', 4),
(83, 'Pekerjaan', 'Ustadz/Mubaligh', 4),
(84, 'Pekerjaan', 'Sopir', 4),
(85, 'Pekerjaan', 'Pedagang', 4),
(86, 'Pekerjaan', 'Pensiunan', 4),
(87, 'Pekerjaan', 'Biarawati', 4),
(88, 'Pekerjaan', 'Tukang Gigi', 4),
(89, 'Pekerjaan', 'Tukang Jahit', 5),
(90, 'Pekerjaan', 'Tukang Las/Pandai Besi', 5),
(91, 'Pekerjaan', 'Tukang Sol Sepatu', 5),
(92, 'Pekerjaan', 'Tukang Kayu', 5),
(93, 'Pekerjaan', 'Tukang Batu', 5),
(94, 'Pekerjaan', 'Tukang Listrik', 5),
(95, 'Pekerjaan', 'Tukang Cukur', 5),
(96, 'Pekerjaan', 'Buruh Peternakan', 5),
(97, 'Pekerjaan', 'Buruh Nelayanan/Perikanan', 5),
(98, 'Pekerjaan', 'Buruh Tani/Perkebunan', 5),
(99, 'Pekerjaan', 'Buruh Harian Lepas', 5),
(100, 'Pekerjaan', 'Nelayan/Perikanan', 5),
(101, 'Pekerjaan', 'Petani/Pekebun', 5),
(102, 'Pekerjaan', 'Pelajar/Mahasiswa', 5),
(103, 'Pekerjaan', 'Pembantu Rumah Tangga', 5),
(104, 'Pekerjaan', 'Mengurus Rumah Tangga', 5),
(105, 'Pekerjaan', 'Belum/Tidak Bekerja', 5),
(106, 'Usia', '35', 1),
(107, 'Usia', '36', 1),
(108, 'Usia', '37', 1),
(109, 'Usia', '38', 2),
(110, 'Usia', '39', 2),
(111, 'Usia', '40', 2),
(112, 'Usia', '41', 3),
(113, 'Usia', '42', 3),
(114, 'Usia', '43', 3),
(115, 'Usia', '44', 4),
(116, 'Usia', '45', 4),
(117, 'Usia', '46', 4),
(118, 'Usia', '47', 5),
(119, 'Usia', '48', 5),
(120, 'Usia', '49', 5),
(121, 'Pendidikan Terakhir', 'S3', 1),
(122, 'Pendidikan Terakhir', 'S2', 1),
(123, 'Pendidikan Terakhir', 'S1', 2),
(124, 'Pendidikan Terakhir', 'D4', 2),
(125, 'Pendidikan Terakhir', 'D3', 2),
(126, 'Pendidikan Terakhir', 'D2', 2),
(127, 'Pendidikan Terakhir', 'D1', 2),
(128, 'Pendidikan Terakhir', 'SMA', 3),
(129, 'Pendidikan Terakhir', 'SMK', 3),
(130, 'Pendidikan Terakhir', 'Madrasah Aliyah', 3),
(131, 'Pendidikan Terakhir', 'Kelompok Belajar Paket C', 3),
(132, 'Pendidikan Terakhir', 'SMP', 4),
(133, 'Pendidikan Terakhir', 'Madrasah Tsaniwiyah', 4),
(134, 'Pendidikan Terakhir', 'Kelompok Belajar Paket B', 4),
(135, 'Pendidikan Terakhir', 'SD', 5),
(136, 'Pendidikan Terakhir', 'Madrasah Ibtidaiyah', 5),
(137, 'Pendidikan Terakhir', 'Kelompok Belajar Paket A', 5),
(138, 'Pendidikan Terakhir', 'TK', 5),
(139, 'Jumlah Anak', '1 - 2', 1),
(140, 'Jumlah Anak', '>2 - 4', 2),
(141, 'Jumlah Anak', '>4 - 6', 3),
(142, 'Jumlah Anak', '>6 - 8', 4),
(143, 'Jumlah Anak', '>8', 5),
(196, 'Penghasilan', '>4.000.000', 1),
(197, 'Penghasilan', '>3.000.000 - 4.000.000', 2),
(198, 'Penghasilan', '>2.000.000 - 3.000.000', 3),
(199, 'Penghasilan', '>1.000.000 - 2.000.000', 4),
(200, 'Penghasilan', '500.000 - 1.000.000', 5);

-- --------------------------------------------------------

--
-- Struktur dari tabel `tbl_kriteria`
--

CREATE TABLE `tbl_kriteria` (
  `id_kriteria` int(11) NOT NULL,
  `kode_kriteria` varchar(50) NOT NULL,
  `kriteria` varchar(120) NOT NULL,
  `bobot` float NOT NULL,
  `jenis` varchar(20) NOT NULL
) ENGINE=InnoDB DEFAULT CHARSET=utf8mb4 COLLATE=utf8mb4_general_ci;

--
-- Dumping data untuk tabel `tbl_kriteria`
--

INSERT INTO `tbl_kriteria` (`id_kriteria`, `kode_kriteria`, `kriteria`, `bobot`, `jenis`) VALUES
(9, 'C1', 'Pekerjaan', 0.15, 'Cost'),
(10, 'C2', 'Usia', 0.25, 'Benefit'),
(11, 'C3', 'Pendidikan Terakhir', 0.1, 'Cost'),
(12, 'C4', 'Jumlah Anak', 0.3, 'Benefit'),
(13, 'C5', 'Penghasilan', 0.2, 'Cost');

--
-- Indexes for dumped tables
--

--
-- Indeks untuk tabel `data_mbr`
--
ALTER TABLE `data_mbr`
  ADD PRIMARY KEY (`nik`);

--
-- Indeks untuk tabel `detail_mbr`
--
ALTER TABLE `detail_mbr`
  ADD PRIMARY KEY (`id_detail`),
  ADD KEY `nik` (`nik`),
  ADD KEY `id_sub` (`id_sub`);

--
-- Indeks untuk tabel `hak_akses`
--
ALTER TABLE `hak_akses`
  ADD PRIMARY KEY (`id_akses`);

--
-- Indeks untuk tabel `hasil`
--
ALTER TABLE `hasil`
  ADD PRIMARY KEY (`id_hasil`);

--
-- Indeks untuk tabel `sub_kriteria`
--
ALTER TABLE `sub_kriteria`
  ADD PRIMARY KEY (`id_sub`);

--
-- Indeks untuk tabel `tbl_kriteria`
--
ALTER TABLE `tbl_kriteria`
  ADD PRIMARY KEY (`id_kriteria`);

--
-- AUTO_INCREMENT untuk tabel yang dibuang
--

--
-- AUTO_INCREMENT untuk tabel `detail_mbr`
--
ALTER TABLE `detail_mbr`
  MODIFY `id_detail` int(11) NOT NULL AUTO_INCREMENT, AUTO_INCREMENT=1050;

--
-- AUTO_INCREMENT untuk tabel `hasil`
--
ALTER TABLE `hasil`
  MODIFY `id_hasil` int(11) NOT NULL AUTO_INCREMENT;

--
-- AUTO_INCREMENT untuk tabel `sub_kriteria`
--
ALTER TABLE `sub_kriteria`
  MODIFY `id_sub` int(11) NOT NULL AUTO_INCREMENT, AUTO_INCREMENT=210;

--
-- AUTO_INCREMENT untuk tabel `tbl_kriteria`
--
ALTER TABLE `tbl_kriteria`
  MODIFY `id_kriteria` int(11) NOT NULL AUTO_INCREMENT, AUTO_INCREMENT=35;

--
-- Ketidakleluasaan untuk tabel pelimpahan (Dumped Tables)
--

--
-- Ketidakleluasaan untuk tabel `detail_mbr`
--
ALTER TABLE `detail_mbr`
  ADD CONSTRAINT `detail_mbr_ibfk_1` FOREIGN KEY (`nik`) REFERENCES `data_mbr` (`nik`),
  ADD CONSTRAINT `detail_mbr_ibfk_2` FOREIGN KEY (`id_sub`) REFERENCES `sub_kriteria` (`id_sub`);
COMMIT;

/*!40101 SET CHARACTER_SET_CLIENT=@OLD_CHARACTER_SET_CLIENT */;
/*!40101 SET CHARACTER_SET_RESULTS=@OLD_CHARACTER_SET_RESULTS */;
/*!40101 SET COLLATION_CONNECTION=@OLD_COLLATION_CONNECTION */;
